{
  "uid" : "ab17fc5a4eb3bca4b216b548c7f9fcbc",
  "name" : "timeline",
  "children" : [ {
    "name" : "EPBYMINW4007",
    "children" : [ {
      "name" : "596@EPBYMINW4007.batch-1-thread-1(25)",
      "children" : [ {
        "name" : "Sign up validation for different users [1]",
        "uid" : "e73e88bcefde056b",
        "parentUid" : "7210610275e4262f4260621302e3fbae",
        "status" : "unknown",
        "time" : {
          "start" : 1590420286299,
          "stop" : 1590420306026,
          "duration" : 19727
        },
        "flaky" : false,
        "newFailed" : false,
        "parameters" : [ "testing1@ugly.email", "test1", "111test1" ]
      }, {
        "name" : "Change Profile with parameter [1]",
        "uid" : "1a4a8305b32a397a",
        "parentUid" : "7210610275e4262f4260621302e3fbae",
        "status" : "passed",
        "time" : {
          "start" : 1590420399412,
          "stop" : 1590420401586,
          "duration" : 2174
        },
        "flaky" : false,
        "newFailed" : false,
        "parameters" : [ "yik049" ]
      }, {
        "name" : "visual check with ignored elements",
        "uid" : "2363dbd7ebb220ae",
        "parentUid" : "7210610275e4262f4260621302e3fbae",
        "status" : "passed",
        "time" : {
          "start" : 1590420393103,
          "stop" : 1590420399410,
          "duration" : 6307
        },
        "flaky" : false,
        "newFailed" : false,
        "parameters" : [ ]
      }, {
        "name" : "Trello Board creatio [1]",
        "uid" : "bd8e694019f74b42",
        "parentUid" : "7210610275e4262f4260621302e3fbae",
        "status" : "passed",
        "time" : {
          "start" : 1590420330237,
          "stop" : 1590420331375,
          "duration" : 1138
        },
        "flaky" : false,
        "newFailed" : false,
        "parameters" : [ "26fc953ade99512b976ec0de8fd9cd5a", "SvetlanaTest", "2e1d630a928bd95c613cc7746dbe06d0b91dce2f902966797a90984f51964220" ]
      }, {
        "name" : "UI controls (any) validation",
        "uid" : "71ef047708d59b37",
        "parentUid" : "7210610275e4262f4260621302e3fbae",
        "status" : "passed",
        "time" : {
          "start" : 1590420391504,
          "stop" : 1590420393102,
          "duration" : 1598
        },
        "flaky" : false,
        "newFailed" : false,
        "parameters" : [ ]
      }, {
        "name" : "Sign up validation for different users [3]",
        "uid" : "99b773e8118d6b80",
        "parentUid" : "7210610275e4262f4260621302e3fbae",
        "status" : "unknown",
        "time" : {
          "start" : 1590420317877,
          "stop" : 1590420330233,
          "duration" : 12356
        },
        "flaky" : false,
        "newFailed" : false,
        "parameters" : [ "erich.schmidt@gmail.com", "Dr. Lawanda Douglas", "hzgp2223" ]
      }, {
        "name" : "Sign In scenario",
        "uid" : "a23c4a945c79e5e4",
        "parentUid" : "7210610275e4262f4260621302e3fbae",
        "status" : "passed",
        "time" : {
          "start" : 1590420351984,
          "stop" : 1590420371346,
          "duration" : 19362
        },
        "flaky" : false,
        "newFailed" : false,
        "parameters" : [ ]
      }, {
        "name" : "Verify user Profile",
        "uid" : "b986c97ef7f146ef",
        "parentUid" : "7210610275e4262f4260621302e3fbae",
        "status" : "passed",
        "time" : {
          "start" : 1590420371349,
          "stop" : 1590420372919,
          "duration" : 1570
        },
        "flaky" : false,
        "newFailed" : false,
        "parameters" : [ ]
      }, {
        "name" : "Sign up validation for different users [2]",
        "uid" : "defccb0f4e4e50da",
        "parentUid" : "7210610275e4262f4260621302e3fbae",
        "status" : "unknown",
        "time" : {
          "start" : 1590420306047,
          "stop" : 1590420317876,
          "duration" : 11829
        },
        "flaky" : false,
        "newFailed" : false,
        "parameters" : [ "testing2@ugly.email", "test2", "111test2" ]
      }, {
        "name" : "visual check with composite steps",
        "uid" : "e9bdad1f4aa870f9",
        "parentUid" : "7210610275e4262f4260621302e3fbae",
        "status" : "passed",
        "time" : {
          "start" : 1590420383292,
          "stop" : 1590420391503,
          "duration" : 8211
        },
        "flaky" : false,
        "newFailed" : false,
        "parameters" : [ ]
      }, {
        "name" : "visual check for some pages",
        "uid" : "898e71e40aa892ad",
        "parentUid" : "7210610275e4262f4260621302e3fbae",
        "status" : "passed",
        "time" : {
          "start" : 1590420372920,
          "stop" : 1590420383291,
          "duration" : 10371
        },
        "flaky" : false,
        "newFailed" : false,
        "parameters" : [ ]
      }, {
        "name" : "Sign up user",
        "uid" : "fd8d8b28b5e8f818",
        "parentUid" : "7210610275e4262f4260621302e3fbae",
        "status" : "unknown",
        "time" : {
          "start" : 1590420332111,
          "stop" : 1590420351981,
          "duration" : 19870
        },
        "flaky" : false,
        "newFailed" : false,
        "parameters" : [ ]
      } ],
      "uid" : "7210610275e4262f4260621302e3fbae"
    } ],
    "uid" : "5f81519271c8b436fb12f1bdbda0fa8f"
  } ]
}