[ {
  "uid" : "1a4a8305b32a397a",
  "name" : "Change Profile with parameter [1]",
  "time" : {
    "start" : 1590420399412,
    "stop" : 1590420401586,
    "duration" : 2174
  },
  "status" : "passed",
  "severity" : "normal"
}, {
  "uid" : "fd8d8b28b5e8f818",
  "name" : "Sign up user",
  "time" : {
    "start" : 1590420332111,
    "stop" : 1590420351981,
    "duration" : 19870
  },
  "status" : "unknown",
  "severity" : "normal"
}, {
  "uid" : "71ef047708d59b37",
  "name" : "UI controls (any) validation",
  "time" : {
    "start" : 1590420391504,
    "stop" : 1590420393102,
    "duration" : 1598
  },
  "status" : "passed",
  "severity" : "normal"
}, {
  "uid" : "a23c4a945c79e5e4",
  "name" : "Sign In scenario",
  "time" : {
    "start" : 1590420351984,
    "stop" : 1590420371346,
    "duration" : 19362
  },
  "status" : "passed",
  "severity" : "normal"
}, {
  "uid" : "99b773e8118d6b80",
  "name" : "Sign up validation for different users [3]",
  "time" : {
    "start" : 1590420317877,
    "stop" : 1590420330233,
    "duration" : 12356
  },
  "status" : "unknown",
  "severity" : "normal"
}, {
  "uid" : "2363dbd7ebb220ae",
  "name" : "visual check with ignored elements",
  "time" : {
    "start" : 1590420393103,
    "stop" : 1590420399410,
    "duration" : 6307
  },
  "status" : "passed",
  "severity" : "normal"
}, {
  "uid" : "bd8e694019f74b42",
  "name" : "Trello Board creatio [1]",
  "time" : {
    "start" : 1590420330237,
    "stop" : 1590420331375,
    "duration" : 1138
  },
  "status" : "passed",
  "severity" : "normal"
}, {
  "uid" : "e73e88bcefde056b",
  "name" : "Sign up validation for different users [1]",
  "time" : {
    "start" : 1590420286299,
    "stop" : 1590420306026,
    "duration" : 19727
  },
  "status" : "unknown",
  "severity" : "normal"
}, {
  "uid" : "defccb0f4e4e50da",
  "name" : "Sign up validation for different users [2]",
  "time" : {
    "start" : 1590420306047,
    "stop" : 1590420317876,
    "duration" : 11829
  },
  "status" : "unknown",
  "severity" : "normal"
}, {
  "uid" : "898e71e40aa892ad",
  "name" : "visual check for some pages",
  "time" : {
    "start" : 1590420372920,
    "stop" : 1590420383291,
    "duration" : 10371
  },
  "status" : "passed",
  "severity" : "normal"
}, {
  "uid" : "b986c97ef7f146ef",
  "name" : "Verify user Profile",
  "time" : {
    "start" : 1590420371349,
    "stop" : 1590420372919,
    "duration" : 1570
  },
  "status" : "passed",
  "severity" : "normal"
}, {
  "uid" : "e9bdad1f4aa870f9",
  "name" : "visual check with composite steps",
  "time" : {
    "start" : 1590420383292,
    "stop" : 1590420391503,
    "duration" : 8211
  },
  "status" : "passed",
  "severity" : "normal"
} ]