<?xml version="1.0"?>
<ruleset name="Vividus ruleset" xmlns="http://pmd.sourceforge.net/ruleset/2.0.0"
    xmlns:xsi="http://www.w3.org/2001/XMLSchema-instance"
    xsi:schemaLocation="http://pmd.sourceforge.net/ruleset/2.0.0 https://pmd.sourceforge.io/ruleset_2_0_0.xsd">

    <description>Custom ruleset checks for Vividus</description>

    <rule ref="category/java/bestpractices.xml">
        <exclude name="AccessorMethodGeneration"/>
        <exclude name="JUnitTestContainsTooManyAsserts"/>
    </rule>

    <rule ref="category/java/codestyle.xml">
        <exclude name="AtLeastOneConstructor"/>
        <exclude name="CallSuperInConstructor"/>
        <exclude name="CommentDefaultAccessModifier"/>
        <exclude name="ConfusingTernary"/>
        <exclude name="DefaultPackage"/>
        <exclude name="LocalVariableCouldBeFinal"/>
        <exclude name="LongVariable"/>
        <exclude name="MethodArgumentCouldBeFinal"/>
        <exclude name="OnlyOneReturn"/>
        <exclude name="ShortVariable"/>
    </rule>
    <rule ref="category/java/codestyle.xml/ShortClassName">
        <properties>
            <property name="minimum" value="4"/>
        </properties>
    </rule>
    <rule ref="category/java/codestyle.xml/ClassNamingConventions">
        <properties>
            <property name="utilityClassPattern" value="[A-Z][a-zA-Z0-9]+"/>
        </properties>
    </rule>

    <rule ref="category/java/design.xml">
        <exclude name="DataClass"/>
        <exclude name="LawOfDemeter"/>
        <exclude name="LoosePackageCoupling"/>
        <exclude name="TooManyMethods"/>
    </rule>
    <rule ref="category/java/design.xml/NcssCount">
        <properties>
            <property name="methodReportLevel" value="24"/>
        </properties>
    </rule>

    <rule ref="category/java/documentation.xml">
        <exclude name="CommentContent"/>
        <exclude name="CommentRequired"/>
        <exclude name="CommentSize"/>
    </rule>

    <rule ref="category/java/errorprone.xml">
        <exclude name="BeanMembersShouldSerialize"/>
        <exclude name="DataflowAnomalyAnalysis"/>
        <exclude name="UseLocaleWithCaseConversions"/>
    </rule>
    <rule ref="category/java/errorprone.xml/AvoidLiteralsInIfCondition">
      <properties>
          <property name="ignoreMagicNumbers" value="-1,0,1"/>
      </properties>
    </rule>
    <rule ref="category/java/errorprone.xml/EmptyCatchBlock">
        <properties>
            <property name="allowCommentedBlocks" value="true"/>
        </properties>
    </rule>

    <rule ref="category/java/multithreading.xml">
        <exclude name="DoNotUseThreads"/>
        <exclude name="UseConcurrentHashMap"/>
    </rule>
    <rule ref="category/java/performance.xml">
        <exclude name="AvoidFileStream"/>
        <exclude name="AvoidInstantiatingObjectsInLoops"/>
    </rule>
</ruleset>
