"Status","Start Time","Stop Time","Duration in ms","Parent Suite","Suite","Sub Suite","Test Class","Test Method","Name","Description"
"passed","Mon May 25 18:26:33 MSK 2020","Mon May 25 18:26:39 MSK 2020","6307","batch-1","Trello2","","","","visual check with ignored elements",""
"passed","Mon May 25 18:26:23 MSK 2020","Mon May 25 18:26:31 MSK 2020","8211","batch-1","Trello2","","","","visual check with composite steps",""
"passed","Mon May 25 18:26:12 MSK 2020","Mon May 25 18:26:23 MSK 2020","10371","batch-1","Trello2","","","","visual check for some pages",""
"passed","Mon May 25 18:26:31 MSK 2020","Mon May 25 18:26:33 MSK 2020","1598","batch-1","Trello2","","","","UI controls (any) validation",""
"passed","Mon May 25 18:25:51 MSK 2020","Mon May 25 18:26:11 MSK 2020","19362","batch-1","Trello2","","","","Sign In scenario",""
"unknown","Mon May 25 18:25:32 MSK 2020","Mon May 25 18:25:51 MSK 2020","19870","batch-1","Trello2","Given Story: PreCondition","","","Sign up user",""
"passed","Mon May 25 18:26:11 MSK 2020","Mon May 25 18:26:12 MSK 2020","1570","batch-1","Trello2","","","","Verify user Profile",""
"unknown","Mon May 25 18:24:46 MSK 2020","Mon May 25 18:25:06 MSK 2020","19727","batch-1","Trello","","","","Sign up validation for different users [1]",""
"unknown","Mon May 25 18:25:17 MSK 2020","Mon May 25 18:25:30 MSK 2020","12356","batch-1","Trello","","","","Sign up validation for different users [3]",""
"unknown","Mon May 25 18:25:06 MSK 2020","Mon May 25 18:25:17 MSK 2020","11829","batch-1","Trello","","","","Sign up validation for different users [2]",""
"passed","Mon May 25 18:26:39 MSK 2020","Mon May 25 18:26:41 MSK 2020","2174","batch-1","Trello2","","","","Change Profile with parameter [1]",""
"passed","Mon May 25 18:25:30 MSK 2020","Mon May 25 18:25:31 MSK 2020","1138","batch-1","Trello","","","","Trello Board creatio [1]",""
