{
  "uid" : "98d3104e051c652961429bf95fa0b5d6",
  "name" : "suites",
  "children" : [ {
    "name" : "batch-1",
    "children" : [ {
      "name" : "Trello",
      "children" : [ {
        "name" : "Sign up validation for different users [1]",
        "uid" : "e73e88bcefde056b",
        "parentUid" : "c0609e3a40b15a49e1072bd5944315ab",
        "status" : "unknown",
        "time" : {
          "start" : 1590420286299,
          "stop" : 1590420306026,
          "duration" : 19727
        },
        "flaky" : false,
        "newFailed" : false,
        "parameters" : [ "testing1@ugly.email", "test1", "111test1" ]
      }, {
        "name" : "Sign up validation for different users [2]",
        "uid" : "defccb0f4e4e50da",
        "parentUid" : "c0609e3a40b15a49e1072bd5944315ab",
        "status" : "unknown",
        "time" : {
          "start" : 1590420306047,
          "stop" : 1590420317876,
          "duration" : 11829
        },
        "flaky" : false,
        "newFailed" : false,
        "parameters" : [ "testing2@ugly.email", "test2", "111test2" ]
      }, {
        "name" : "Sign up validation for different users [3]",
        "uid" : "99b773e8118d6b80",
        "parentUid" : "c0609e3a40b15a49e1072bd5944315ab",
        "status" : "unknown",
        "time" : {
          "start" : 1590420317877,
          "stop" : 1590420330233,
          "duration" : 12356
        },
        "flaky" : false,
        "newFailed" : false,
        "parameters" : [ "erich.schmidt@gmail.com", "Dr. Lawanda Douglas", "hzgp2223" ]
      }, {
        "name" : "Trello Board creatio [1]",
        "uid" : "bd8e694019f74b42",
        "parentUid" : "c0609e3a40b15a49e1072bd5944315ab",
        "status" : "passed",
        "time" : {
          "start" : 1590420330237,
          "stop" : 1590420331375,
          "duration" : 1138
        },
        "flaky" : false,
        "newFailed" : false,
        "parameters" : [ "26fc953ade99512b976ec0de8fd9cd5a", "SvetlanaTest", "2e1d630a928bd95c613cc7746dbe06d0b91dce2f902966797a90984f51964220" ]
      } ],
      "uid" : "c0609e3a40b15a49e1072bd5944315ab"
    }, {
      "name" : "Trello2",
      "children" : [ {
        "name" : "Given Story: PreCondition",
        "children" : [ {
          "name" : "Sign up user",
          "uid" : "fd8d8b28b5e8f818",
          "parentUid" : "a36b472f2a1d030958871d5cd6830950",
          "status" : "unknown",
          "time" : {
            "start" : 1590420332111,
            "stop" : 1590420351981,
            "duration" : 19870
          },
          "flaky" : false,
          "newFailed" : false,
          "parameters" : [ ]
        } ],
        "uid" : "a36b472f2a1d030958871d5cd6830950"
      }, {
        "name" : "Sign In scenario",
        "uid" : "a23c4a945c79e5e4",
        "parentUid" : "d484043df6fefa856cb087e82c0b5870",
        "status" : "passed",
        "time" : {
          "start" : 1590420351984,
          "stop" : 1590420371346,
          "duration" : 19362
        },
        "flaky" : false,
        "newFailed" : false,
        "parameters" : [ ]
      }, {
        "name" : "Verify user Profile",
        "uid" : "b986c97ef7f146ef",
        "parentUid" : "d484043df6fefa856cb087e82c0b5870",
        "status" : "passed",
        "time" : {
          "start" : 1590420371349,
          "stop" : 1590420372919,
          "duration" : 1570
        },
        "flaky" : false,
        "newFailed" : false,
        "parameters" : [ ]
      }, {
        "name" : "visual check for some pages",
        "uid" : "898e71e40aa892ad",
        "parentUid" : "d484043df6fefa856cb087e82c0b5870",
        "status" : "passed",
        "time" : {
          "start" : 1590420372920,
          "stop" : 1590420383291,
          "duration" : 10371
        },
        "flaky" : false,
        "newFailed" : false,
        "parameters" : [ ]
      }, {
        "name" : "visual check with composite steps",
        "uid" : "e9bdad1f4aa870f9",
        "parentUid" : "d484043df6fefa856cb087e82c0b5870",
        "status" : "passed",
        "time" : {
          "start" : 1590420383292,
          "stop" : 1590420391503,
          "duration" : 8211
        },
        "flaky" : false,
        "newFailed" : false,
        "parameters" : [ ]
      }, {
        "name" : "UI controls (any) validation",
        "uid" : "71ef047708d59b37",
        "parentUid" : "d484043df6fefa856cb087e82c0b5870",
        "status" : "passed",
        "time" : {
          "start" : 1590420391504,
          "stop" : 1590420393102,
          "duration" : 1598
        },
        "flaky" : false,
        "newFailed" : false,
        "parameters" : [ ]
      }, {
        "name" : "visual check with ignored elements",
        "uid" : "2363dbd7ebb220ae",
        "parentUid" : "d484043df6fefa856cb087e82c0b5870",
        "status" : "passed",
        "time" : {
          "start" : 1590420393103,
          "stop" : 1590420399410,
          "duration" : 6307
        },
        "flaky" : false,
        "newFailed" : false,
        "parameters" : [ ]
      }, {
        "name" : "Change Profile with parameter [1]",
        "uid" : "1a4a8305b32a397a",
        "parentUid" : "d484043df6fefa856cb087e82c0b5870",
        "status" : "passed",
        "time" : {
          "start" : 1590420399412,
          "stop" : 1590420401586,
          "duration" : 2174
        },
        "flaky" : false,
        "newFailed" : false,
        "parameters" : [ "yik049" ]
      } ],
      "uid" : "d484043df6fefa856cb087e82c0b5870"
    } ],
    "uid" : "87b8be25e9c9e007e80824e508a2043b"
  } ]
}